Ratio,Value
P/E,30.57298
P/B,40.704983
ROE,1.4725
Dividend Yield,0.0050999997
