MSE,RMSE,MAE,R2
27.13523534564128,5.209149195947576,4.080293850980889,0.9832045279421916
